{
  "version": 1,
  "author": "Amanda Fontes",
  "editor": "wokwi",
  "parts": [
    { "type": "wokwi-esp32-devkit-v1", "id": "esp", "top": 71.9, "left": 91, "attrs": {} },
    {
      "type": "wokwi-led",
      "id": "led1",
      "top": -51.6,
      "left": 24.29,
      "attrs": { "color": "orange" }
    },
    {
      "type": "wokwi-led",
      "id": "led2",
      "top": -51.6,
      "left": -5.8,
      "attrs": { "color": "purple" }
    },
    {
      "type": "wokwi-led",
      "id": "led3",
      "top": -51.6,
      "left": -34.6,
      "attrs": { "color": "cyan" }
    },
    {
      "type": "wokwi-photoresistor-sensor",
      "id": "ldr1",
      "top": 108.8,
      "left": -258.4,
      "attrs": {}
    },
    {
      "type": "wokwi-resistor",
      "id": "r1",
      "top": 19,
      "left": -40.6,
      "rotate": 90,
      "attrs": { "value": "1000" }
    },
    {
      "type": "wokwi-resistor",
      "id": "r2",
      "top": 19,
      "left": 45.8,
      "rotate": 90,
      "attrs": { "value": "1000" }
    },
    {
      "type": "wokwi-resistor",
      "id": "r3",
      "top": 19,
      "left": 17,
      "rotate": 90,
      "attrs": { "value": "1000" }
    },
    {
      "type": "wokwi-resistor",
      "id": "r4",
      "top": 19,
      "left": -11.8,
      "rotate": 90,
      "attrs": { "value": "1000" }
    },
    {
      "type": "wokwi-pushbutton",
      "id": "btn1",
      "top": 131,
      "left": 316.8,
      "attrs": { "color": "blue" }
    },
    {
      "type": "wokwi-pushbutton",
      "id": "btn2",
      "top": 188.6,
      "left": 316.8,
      "attrs": { "color": "green" }
    },
    {
      "type": "wokwi-buzzer",
      "id": "bz1",
      "top": -14.8,
      "left": 248.4,
      "attrs": { "volume": "0.1" }
    },
    {
      "type": "wokwi-led",
      "id": "led4",
      "top": -51.6,
      "left": 51.8,
      "attrs": { "color": "yellow" }
    }
  ],
  "connections": [
    [ "esp:TX0", "$serialMonitor:RX", "", [] ],
    [ "esp:RX0", "$serialMonitor:TX", "", [] ],
    [ "led3:A", "r1:1", "cyan", [ "h4.31", "v26.51" ] ],
    [ "led1:A", "r3:1", "orange", [ "v19.2", "h1.2" ] ],
    [ "led2:A", "r4:1", "purple", [ "v0" ] ],
    [ "ldr1:GND", "esp:GND.2", "black", [ "h28.8", "v86.1" ] ],
    [ "btn1:2.l", "esp:GND.1", "black", [ "h-28.01", "v66.05" ] ],
    [ "btn2:2.l", "esp:GND.1", "black", [ "v0.2", "h-62.41" ] ],
    [ "led3:C", "esp:GND.2", "black", [ "v0" ] ],
    [ "led2:C", "esp:GND.2", "black", [ "v0" ] ],
    [ "led1:C", "esp:GND.2", "black", [ "v0" ] ],
    [ "led4:C", "esp:GND.2", "black", [ "v0" ] ],
    [ "r4:2", "esp:D26", "purple", [ "v114", "h76.8" ] ],
    [ "r1:2", "esp:D27", "cyan", [ "h-0.54", "v87.55" ] ],
    [ "r3:2", "esp:D12", "orange", [ "v142.8", "h48" ] ],
    [ "led4:A", "r2:1", "gold", [ "v0" ] ],
    [ "ldr1:AO", "esp:D14", "gold", [ "h38.4", "v37.7", "h144" ] ],
    [ "esp:D32", "r2:2", "gold", [ "h-19.2", "v-190.9" ] ],
    [ "btn1:1.l", "esp:D23", "blue", [ "h-19.2", "v-48" ] ],
    [ "btn2:1.l", "esp:D22", "green", [ "h-38.4", "v-95.7" ] ],
    [ "bz1:1", "esp:GND.1", "black", [ "h-48", "v153.7" ] ],
    [ "bz1:2", "esp:D18", "red", [ "h5.6", "v86.4" ] ],
    [ "ldr1:VCC", "esp:3V3", "red", [ "h19.2", "v163.2", "h316.8", "v-57.6" ] ]
  ]
}